Price,Adj Close,Close,High,Low,Open,Volume
Ticker,QQQ,QQQ,QQQ,QQQ,QQQ,QQQ
Date,,,,,,
2021-01-04,299.4559631347656,309.30999755859375,315.2900085449219,305.17999267578125,315.1099853515625,45305900
2021-01-05,301.9247741699219,311.8599853515625,312.1400146484375,308.2900085449219,308.2900085449219,29323400
2021-01-06,297.7423400878906,307.5400085449219,311.8800048828125,305.9800109863281,307.0,52809600
2021-01-07,304.9454345703125,314.9800109863281,315.8399963378906,310.25,310.2799987792969,30394800
2021-01-08,308.8663635253906,319.0299987792969,319.3900146484375,315.0799865722656,317.3399963378906,33955800
2021-01-11,304.4032287597656,314.4200134277344,317.19000244140625,313.75,315.9800109863281,32746400
2021-01-12,303.9191589355469,313.9200134277344,315.5799865722656,311.20001220703125,314.4599914550781,29266800
2021-01-13,305.9716491699219,316.0400085449219,316.8599853515625,313.57000732421875,314.19000244140625,22898400
2021-01-14,304.3354797363281,314.3500061035156,317.5299987792969,313.8599853515625,316.5,23500100
2021-01-15,301.9247741699219,311.8599853515625,315.1199951171875,310.5799865722656,314.1300048828125,35118700
2021-01-19,306.3298034667969,316.4100036621094,316.92999267578125,313.1199951171875,314.25,24537000
2021-01-20,313.455322265625,323.7699890136719,324.739990234375,316.510009765625,320.1400146484375,30728100
2021-01-21,315.9627685546875,326.3599853515625,327.1300048828125,323.7300109863281,325.1499938964844,25130600
2021-01-22,315.0528564453125,325.4200134277344,326.4599914550781,324.7099914550781,325.2900085449219,21609400
2021-01-25,317.6571044921875,328.1099853515625,330.32000732421875,321.4100036621094,328.9100036621094,39080600
2021-01-26,318.1217956542969,328.5899963378906,329.760009765625,327.2200012207031,328.8500061035156,25498100
2021-01-27,309.2535705566406,319.42999267578125,326.2699890136719,317.3599853515625,326.260009765625,55264000
2021-01-28,311.0834045410156,321.32000732421875,326.4200134277344,320.0299987792969,320.6700134277344,42836300
2021-01-29,304.5387878417969,314.55999755859375,320.7200012207031,312.760009765625,319.5799865722656,55259000
2021-02-01,312.1484375,322.4200134277344,323.5400085449219,316.0199890136719,318.1099853515625,35646000
2021-02-02,317.24078369140625,327.67999267578125,328.8699951171875,325.30999755859375,325.4800109863281,33930800
2021-02-03,315.982177734375,326.3800048828125,330.20001220703125,326.32000732421875,329.82000732421875,24824500
2021-02-04,319.71923828125,330.239990234375,330.3299865722656,326.4599914550781,327.82000732421875,22350900
2021-02-05,320.8035583496094,331.3599853515625,332.3999938964844,329.5299987792969,331.2200012207031,22732000
2021-02-08,322.9527893066406,333.5799865722656,333.739990234375,331.4100036621094,333.1000061035156,20462800
2021-02-09,322.8850402832031,333.510009765625,334.80999755859375,332.6099853515625,332.6199951171875,17597500
2021-02-10,322.1492614746094,332.75,335.4599914550781,329.5,334.989990234375,28068700
2021-02-11,323.9209289550781,334.5799865722656,335.0,332.1199951171875,334.3299865722656,22046100
2021-02-12,325.7314453125,336.45001220703125,336.6199951171875,332.6300048828125,333.7099914550781,20346800
2021-02-16,324.8504333496094,335.5400085449219,338.19000244140625,334.3399963378906,337.2699890136719,27080800
2021-02-17,323.2917175292969,333.92999267578125,335.6600036621094,330.1700134277344,332.4700012207031,31360300
2021-02-18,321.8782043457031,332.4700012207031,333.8699951171875,328.3599853515625,330.2300109863281,32236200
2021-02-19,320.47442626953125,331.0199890136719,333.989990234375,329.9700012207031,333.8599853515625,39157700
2021-02-22,312.167724609375,322.44000244140625,327.79998779296875,322.2300109863281,326.5,47256900
2021-02-23,311.23834228515625,321.4800109863281,323.20001220703125,311.0,317.0,97241900
2021-02-24,313.8038024902344,324.1300048828125,324.45001220703125,315.9599914550781,318.739990234375,58206300
2021-02-25,302.86383056640625,312.8299865722656,324.0299987792969,311.239990234375,321.3900146484375,110182600
2021-02-26,304.1322021484375,314.1400146484375,319.1099853515625,310.8800048828125,315.8500061035156,104739800
2021-03-01,313.2810974121094,323.5899963378906,323.94000244140625,317.94000244140625,319.2699890136719,49164500
2021-03-02,308.2563781738281,318.3999938964844,324.3299865722656,318.1400146484375,324.25,48370000
2021-03-03,299.3108215332031,309.1600036621094,318.239990234375,309.1000061035156,317.2699890136719,86301100
2021-03-04,294.41192626953125,304.1000061035156,312.0400085449219,300.1099853515625,308.7799987792969,139131600
2021-03-05,298.8460998535156,308.67999267578125,309.6099853515625,297.45001220703125,306.79998779296875,121523700
2021-03-08,290.384521484375,299.94000244140625,310.05999755859375,299.510009765625,308.1199951171875,88409800
2021-03-09,301.837646484375,311.7699890136719,313.7300109863281,306.9200134277344,307.4700012207031,80391100
2021-03-10,300.97601318359375,310.8800048828125,316.4700012207031,310.1700134277344,316.1600036621094,76798100
2021-03-11,307.9079284667969,318.0400085449219,319.8599853515625,314.8500061035156,315.7699890136719,53484800
2021-03-12,305.4100341796875,315.4599914550781,318.2300109863281,311.3900146484375,313.8599853515625,69315600
2021-03-15,308.6727294921875,318.8299865722656,319.0,314.1000061035156,315.7900085449219,42955700
2021-03-16,310.3669738769531,320.5799865722656,324.20001220703125,319.1000061035156,321.0899963378906,54925900
2021-03-17,311.64495849609375,321.8999938964844,323.8500061035156,315.67999267578125,317.45001220703125,78258700
2021-03-18,302.0990295410156,312.0400085449219,317.8800048828125,311.57000732421875,316.8699951171875,82718100
2021-03-19,303.1640625,313.1400146484375,314.7300109863281,309.6600036621094,311.8699951171875,78446200
2021-03-22,308.849365234375,318.6099853515625,320.739990234375,315.2099914550781,315.2099914550781,56194800
2021-03-23,307.50189208984375,317.2200012207031,321.0899963378906,316.3800048828125,319.7300109863281,53455400
2021-03-24,302.3158264160156,311.8699951171875,318.6700134277344,311.7200012207031,318.6300048828125,64803700
2021-03-25,301.79229736328125,311.3299865722656,312.8900146484375,307.3900146484375,309.9700012207031,78729000
2021-03-26,306.3193359375,316.0,316.3299865722656,309.6700134277344,311.1099853515625,63519600
2021-03-29,306.2320556640625,315.9100036621094,316.989990234375,312.4700012207031,315.45001220703125,54608000
2021-03-30,304.6907043457031,314.32000732421875,314.9100036621094,311.5400085449219,313.8900146484375,44635700
2021-03-31,309.3533630371094,319.1300048828125,320.739990234375,315.80999755859375,316.1600036621094,55032500
2021-04-01,314.62677001953125,324.57000732421875,324.7099914550781,322.80999755859375,323.07000732421875,55685600
2021-04-05,320.908203125,331.04998779296875,331.8399963378906,326.8800048828125,327.1300048828125,42172500
2021-04-06,320.6853332519531,330.82000732421875,332.8299865722656,330.0199890136719,330.7300109863281,33537200
2021-04-07,321.4607849121094,331.6199951171875,332.4800109863281,329.3699951171875,330.3299865722656,32046400
2021-04-08,324.8147277832031,335.0799865722656,335.2699890136719,333.739990234375,334.55999755859375,29940800
2021-04-09,326.782470703125,337.1099853515625,337.32000732421875,332.9200134277344,333.67999267578125,36664900
2021-04-12,326.3560485839844,336.6700134277344,337.1000061035156,334.7300109863281,336.0400085449219,25833000
2021-04-13,330.1656494140625,340.6000061035156,341.0799865722656,338.0199890136719,338.239990234375,30374000
2021-04-14,326.2009582519531,336.510009765625,340.9800109863281,335.6700134277344,340.8500061035156,42564300
2021-04-15,331.1446838378906,341.6099853515625,342.010009765625,336.2200012207031,339.4700012207031,36342800
2021-04-16,331.53253173828125,342.010009765625,342.2300109863281,340.0799865722656,342.1499938964844,40860100
2021-04-19,328.4983825683594,338.8800048828125,341.5799865722656,336.8999938964844,340.3900146484375,34533100
2021-04-20,326.1040344238281,336.4100036621094,339.5199890136719,334.3800048828125,338.20001220703125,38081800
2021-04-21,328.8958435058594,339.2900085449219,339.4800109863281,333.9700012207031,335.0899963378906,36598100
2021-04-22,324.93109130859375,335.20001220703125,339.8999938964844,334.010009765625,338.8900146484375,45936100
2021-04-23,329.0217590332031,339.4200134277344,340.7699890136719,335.8500061035156,335.8500061035156,36381900
2021-04-26,331.1640930175781,341.6300048828125,341.9200134277344,338.8999938964844,339.6700134277344,30812000
2021-04-27,329.72943115234375,340.1499938964844,342.1499938964844,339.1700134277344,341.92999267578125,33187200
2021-04-28,328.61468505859375,339.0,340.8500061035156,338.3299865722656,339.80999755859375,33615700
2021-04-29,329.7973327636719,340.2200012207031,342.79998779296875,336.8999938964844,342.3699951171875,37708900
2021-04-30,327.63568115234375,337.989990234375,340.260009765625,337.04998779296875,337.70001220703125,38263400
2021-05-03,325.8907470703125,336.19000244140625,340.0,335.7300109863281,339.2300109863281,29729700
2021-05-04,320.026123046875,330.1400146484375,333.8900146484375,326.2099914550781,333.55999755859375,65147000
2021-05-05,318.9501037597656,329.0299987792969,333.1400146484375,328.2300109863281,332.25,46219300
2021-05-06,321.3541259765625,331.510009765625,331.6700134277344,326.45001220703125,328.760009765625,46814300
2021-05-07,323.96173095703125,334.20001220703125,336.6499938964844,331.69000244140625,334.3699951171875,53324500
2021-05-10,315.78033447265625,325.760009765625,332.9599914550781,325.54998779296875,332.7799987792969,60700500
2021-05-11,315.3440246582031,325.30999755859375,326.1300048828125,319.0199890136719,319.70001220703125,71963600
2021-05-12,307.1820068359375,316.8900146484375,322.6199951171875,316.0,320.2300109863281,91164900
2021-05-13,309.556884765625,319.3399963378906,322.3999938964844,316.8999938964844,319.9200134277344,69877800
2021-05-14,316.3909912109375,326.3900146484375,327.3299865722656,322.0799865722656,322.6000061035156,44370000
2021-05-17,314.4717102050781,324.4100036621094,326.3699951171875,321.45001220703125,324.6300048828125,39395000
2021-05-18,312.3487854003906,322.2200012207031,326.6499938964844,321.94000244140625,325.3900146484375,36528500
2021-05-19,312.7073669433594,322.5899963378906,322.8999938964844,316.29998779296875,316.6600036621094,66319100
2021-05-20,318.7562255859375,328.8299865722656,329.7099914550781,323.8900146484375,324.1199951171875,46466100
2021-05-21,316.9920654296875,327.010009765625,330.8599853515625,326.6400146484375,330.42999267578125,50330400
2021-05-24,322.3235168457031,332.510009765625,333.6700134277344,326.8999938964844,329.3699951171875,32475800
2021-05-25,322.7693786621094,332.9700012207031,334.80999755859375,331.760009765625,334.07000732421875,31280300
2021-05-26,323.8938903808594,334.1300048828125,334.6099853515625,332.95001220703125,333.6600036621094,25444900
2021-05-27,322.6821594238281,332.8800048828125,334.5400085449219,332.6700134277344,333.6700134277344,27931700
2021-05-28,323.7000427246094,333.92999267578125,335.57000732421875,333.6000061035156,334.1199951171875,29927400
2021-06-01,322.6239929199219,332.82000732421875,335.7900085449219,331.42999267578125,335.29998779296875,31145400
2021-06-02,323.2541198730469,333.4700012207031,334.3399963378906,331.70001220703125,333.25,22047900
2021-06-03,319.8904113769531,330.0,331.8599853515625,328.2799987792969,330.54998779296875,37057800
2021-06-04,325.31884765625,335.6000061035156,336.05999755859375,331.7799987792969,331.8500061035156,38736500
2021-06-07,326.2882080078125,336.6000061035156,336.6600036621094,334.3399963378906,335.04998779296875,32611900
2021-06-08,326.4433288574219,336.760009765625,339.2900085449219,335.0299987792969,338.3999938964844,27282800
2021-06-09,326.5208435058594,336.8399963378906,338.9700012207031,336.6499938964844,338.1700134277344,21485300
2021-06-10,329.92327880859375,340.3500061035156,340.4599914550781,336.7300109863281,337.19000244140625,33702100
2021-06-11,330.7860412597656,341.239990234375,341.25,339.69000244140625,340.3599853515625,21222800
2021-06-14,333.9558410644531,344.510009765625,344.5199890136719,340.4599914550781,341.67999267578125,27827700
2021-06-15,331.77484130859375,342.260009765625,344.4700012207031,341.5199890136719,344.1499938964844,35963800
2021-06-16,330.5630798339844,341.010009765625,343.8399963378906,337.45001220703125,342.739990234375,55399500
2021-06-17,334.7604675292969,345.3399963378906,346.3800048828125,339.9200134277344,339.9700012207031,59722700
2021-06-18,332.133544921875,342.6300048828125,344.80999755859375,341.8599853515625,343.6300048828125,55414900
2021-06-21,334.1976318359375,344.3599853515625,344.69000244140625,340.1499938964844,342.42999267578125,32992600
2021-06-22,337.31298828125,347.57000732421875,348.0299987792969,343.8399963378906,344.1499938964844,28941600
2021-06-23,337.4779968261719,347.739990234375,348.9200134277344,346.8800048828125,347.510009765625,27188500
2021-06-24,339.5644836425781,349.8900146484375,351.4599914550781,349.1700134277344,349.7300109863281,32581600
2021-06-25,339.147216796875,349.4599914550781,350.7200012207031,348.8399963378906,350.4700012207031,28682800
2021-06-28,343.2717590332031,353.7099914550781,353.8500061035156,350.7200012207031,350.7799987792969,39130300
2021-06-29,344.51397705078125,354.989990234375,355.0199890136719,352.6700134277344,353.5299987792969,29426000
2021-06-30,343.9704895019531,354.42999267578125,355.2300109863281,353.8299865722656,354.8299865722656,32724000
2021-07-01,344.10638427734375,354.57000732421875,355.0899963378906,352.67999267578125,354.07000732421875,29290000
2021-07-02,348.0563659667969,358.6400146484375,358.9700012207031,356.2799987792969,356.5199890136719,32727200
2021-07-06,349.560546875,360.19000244140625,360.4800109863281,356.489990234375,359.260009765625,38842400
2021-07-07,350.29815673828125,360.95001220703125,362.760009765625,358.94000244140625,362.45001220703125,35265200
2021-07-08,348.1824035644531,358.7699890136719,359.6499938964844,354.4200134277344,355.739990234375,50890000
2021-07-09,350.35638427734375,361.010009765625,361.5,357.57000732421875,358.1700134277344,35184500
2021-07-12,351.7247314453125,362.4200134277344,362.8900146484375,360.8299865722656,362.45001220703125,25717700
2021-07-13,351.7247314453125,362.4200134277344,365.4700012207031,361.5400085449219,362.0299987792969,39723000
2021-07-14,352.3555603027344,363.07000732421875,365.489990234375,362.2200012207031,364.8299865722656,35336400
2021-07-15,349.88079833984375,360.5199890136719,363.19000244140625,358.4599914550781,362.9800109863281,53391600
2021-07-16,347.0469970703125,357.6000061035156,362.4100036621094,357.239990234375,361.3999938964844,47262000
2021-07-19,344.2035217285156,354.6700134277344,355.17999267578125,352.0400085449219,354.04998779296875,64404600
2021-07-20,348.2018127441406,358.7900085449219,360.2799987792969,353.79998779296875,355.6300048828125,42183700
2021-07-21,350.8901062011719,361.55999755859375,361.55999755859375,358.1199951171875,358.3500061035156,30259900
2021-07-22,353.2095642089844,363.95001220703125,363.9599914550781,361.7699890136719,361.7699890136719,30252200
2021-07-23,357.3341979980469,368.20001220703125,368.489990234375,363.9200134277344,365.30999755859375,31960800
2021-07-26,357.6156005859375,368.489990234375,368.8900146484375,366.6000061035156,367.489990234375,28438100
2021-07-27,353.6754455566406,364.42999267578125,368.2200012207031,360.1600036621094,368.2200012207031,57933100
2021-07-28,355.03411865234375,365.8299865722656,367.45001220703125,363.239990234375,365.6000061035156,42066200
2021-07-29,355.6649169921875,366.4800109863281,367.67999267578125,365.25,365.25,25672500
2021-07-30,353.8113098144531,364.57000732421875,365.1700134277344,362.4100036621094,362.44000244140625,36484600
2021-08-02,353.8403625488281,364.6000061035156,366.8800048828125,363.8699951171875,366.2799987792969,27334100
2021-08-03,355.9851379394531,366.80999755859375,366.92999267578125,362.0,365.2799987792969,35558500
2021-08-04,356.4995422363281,367.3399963378906,368.32000732421875,365.6300048828125,366.7699890136719,29602200
2021-08-05,358.7608642578125,369.6700134277344,369.9100036621094,367.45001220703125,368.17999267578125,21443900
2021-08-06,357.1885986328125,368.04998779296875,369.3699951171875,366.9100036621094,368.3699951171875,33332100
2021-08-09,357.8485412597656,368.7300109863281,369.2699890136719,367.3900146484375,368.5199890136719,25960200
2021-08-10,356.0142822265625,366.8399963378906,369.55999755859375,365.6199951171875,369.260009765625,35130800
2021-08-11,355.40289306640625,366.2099914550781,368.6499938964844,364.8399963378906,368.1400146484375,34249800
2021-08-12,356.6839599609375,367.5299987792969,367.8999938964844,364.29998779296875,365.69000244140625,25969200
2021-08-13,357.9358825683594,368.82000732421875,369.1600036621094,367.3800048828125,367.8900146484375,19336200
2021-08-16,358.0911560058594,368.9800109863281,369.0199890136719,363.70001220703125,367.6700134277344,34856900
2021-08-17,354.9371032714844,365.7300109863281,367.1499938964844,363.2300109863281,366.1499938964844,44793900
2021-08-18,351.52093505859375,362.2099914550781,366.6199951171875,361.8699951171875,365.17999267578125,38541900
2021-08-19,353.2193298339844,363.9599914550781,365.67999267578125,359.9599914550781,360.2200012207031,48499400
2021-08-20,356.8780212402344,367.7300109863281,368.1400146484375,364.739990234375,365.05999755859375,39486000
2021-08-23,362.2158203125,373.2300109863281,373.94000244140625,368.7900085449219,368.79998779296875,34034700
2021-08-24,363.3221435546875,374.3699951171875,374.989990234375,373.3599853515625,373.8399963378906,21732900
2021-08-25,363.73931884765625,374.79998779296875,375.3900146484375,373.8599853515625,374.6300048828125,20441900
2021-08-26,361.4296569824219,372.4200134277344,374.6199951171875,371.9700012207031,373.9200134277344,29133300
2021-08-27,364.9427795410156,376.0400085449219,376.55999755859375,372.57000732421875,373.07000732421875,27104700
2021-08-30,369.03826904296875,380.260009765625,380.760009765625,376.8299865722656,376.8500061035156,27295700
2021-08-31,368.7374267578125,379.95001220703125,380.5799865722656,378.3599853515625,380.510009765625,29628200
2021-09-01,369.34881591796875,380.5799865722656,382.7099914550781,380.3699951171875,381.0400085449219,28138300
2021-09-02,369.1742248535156,380.3999938964844,382.30999755859375,379.1499938964844,381.9700012207031,25453400
2021-09-03,370.3096008300781,381.57000732421875,381.9800109863281,379.20001220703125,379.2200012207031,24605400
2021-09-07,370.8336486816406,382.1099853515625,382.7799987792969,380.489990234375,381.67999267578125,23970200
2021-09-08,369.54290771484375,380.7799987792969,381.92999267578125,378.45001220703125,381.92999267578125,32949200
2021-09-09,368.2715759277344,379.4700012207031,382.1499938964844,379.2200012207031,381.010009765625,29399000
2021-09-10,365.47662353515625,376.5899963378906,381.9700012207031,376.25,381.2300109863281,40249400
2021-09-13,365.2242431640625,376.3299865722656,379.42999267578125,374.2200012207031,378.989990234375,48741800
2021-09-14,364.18585205078125,375.260009765625,378.6099853515625,374.2799987792969,377.8599853515625,41826600
2021-09-15,366.8935241699219,378.04998779296875,378.4100036621094,373.3699951171875,375.7300109863281,34097900
2021-09-16,367.1457824707031,378.30999755859375,378.8999938964844,374.70001220703125,376.67999267578125,35193100
2021-09-17,362.7980041503906,373.8299865722656,377.8699951171875,372.760009765625,377.82000732421875,60912300
2021-09-20,355.3013916015625,365.70001220703125,369.25,360.92999267578125,367.4599914550781,76203200
2021-09-21,355.7386779785156,366.1499938964844,368.80999755859375,364.989990234375,367.5799865722656,41927500
2021-09-22,359.0614013671875,369.57000732421875,371.07000732421875,365.9599914550781,367.0899963378906,46972900
2021-09-23,362.3744812011719,372.9800109863281,374.0400085449219,370.1000061035156,370.760009765625,44652000
2021-09-24,362.7144470214844,373.3299865722656,373.760009765625,370.2699890136719,370.6499938964844,36056800
2021-09-27,359.8192443847656,370.3500061035156,371.25,367.7300109863281,370.20001220703125,43338100
2021-09-28,349.63720703125,359.8699951171875,370.29998779296875,359.3500061035156,365.6700134277344,97701600
2021-09-29,349.0639953613281,359.2799987792969,363.3699951171875,358.6400146484375,361.1700134277344,58076600
2021-09-30,347.7815246582031,357.9599914550781,362.67999267578125,357.1000061035156,360.9700012207031,61384600
2021-10-01,349.93841552734375,360.17999267578125,361.25,354.3800048828125,358.6000061035156,56375500
2021-10-04,342.59332275390625,352.6199951171875,358.8599853515625,350.32000732421875,358.5199890136719,76766000
2021-10-05,347.218017578125,357.3800048828125,359.69000244140625,353.4800109863281,353.7099914550781,47232900
2021-10-06,349.4428405761719,359.6700134277344,359.95001220703125,353.1499938964844,354.0799865722656,56806500
2021-10-07,352.6490783691406,362.9700012207031,365.69000244140625,362.25,362.79998779296875,39411200
2021-10-08,350.8905334472656,361.1600036621094,364.32000732421875,360.6099853515625,364.0799865722656,41822300
2021-10-11,348.19921875,358.3900146484375,363.20001220703125,358.29998779296875,359.5799865722656,34847200
2021-10-12,346.9848327636719,357.1400146484375,360.3299865722656,356.4800109863281,359.8800048828125,43905100
2021-10-13,349.7635498046875,360.0,360.69000244140625,357.42999267578125,359.510009765625,40120800
2021-10-14,356.20501708984375,366.6300048828125,366.8500061035156,363.010009765625,363.69000244140625,43433900
2021-10-15,358.4493408203125,368.94000244140625,369.05999755859375,366.82000732421875,367.8800048828125,40419900
2021-10-18,362.05377197265625,372.6499938964844,372.8699951171875,366.989990234375,367.6099853515625,34513500
2021-10-19,364.7935485839844,375.4700012207031,375.5199890136719,372.70001220703125,373.75,29091000
2021-10-20,364.317626953125,374.9800109863281,376.57000732421875,373.4599914550781,375.94000244140625,31390300
2021-10-21,366.5424499511719,377.2699890136719,377.4700012207031,373.8500061035156,374.1600036621094,25469300
2021-10-22,363.46258544921875,374.1000061035156,376.9700012207031,372.3900146484375,375.9800109863281,36275800
2021-10-25,367.18365478515625,377.92999267578125,378.8699951171875,373.55999755859375,375.55999755859375,32597800
2021-10-26,368.3398132324219,379.1199951171875,382.7099914550781,377.9100036621094,380.2300109863281,47191300
2021-10-27,369.1947937011719,380.0,383.1499938964844,379.30999755859375,379.5799865722656,45760500
2021-10-28,373.2948303222656,384.2200012207031,384.4800109863281,381.1600036621094,381.95001220703125,38007000
2021-10-29,375.1310729980469,386.1099853515625,386.2799987792969,380.70001220703125,381.05999755859375,37310100
2021-11-01,376.4134826660156,387.42999267578125,387.55999755859375,384.4200134277344,386.55999755859375,30765300
2021-11-02,377.9874572753906,389.04998779296875,389.5400085449219,386.75,386.79998779296875,25135300
2021-11-03,382.0000915527344,393.17999267578125,393.6099853515625,388.4800109863281,389.54998779296875,33748900
2021-11-04,386.896728515625,398.2200012207031,399.20001220703125,393.9200134277344,394.4800109863281,40265300
2021-11-05,387.2658996582031,398.6000061035156,400.989990234375,397.1600036621094,400.0400085449219,43383800
2021-11-08,386.7412414550781,398.05999755859375,399.6199951171875,397.3999938964844,398.57000732421875,29256300
2021-11-09,384.0791931152344,395.32000732421875,399.57000732421875,393.9200134277344,399.1600036621094,50490700
2021-11-10,378.4344482421875,389.510009765625,395.3599853515625,387.5299987792969,392.4700012207031,54937400
2021-11-11,379.4836120605469,390.5899963378906,392.75,390.239990234375,392.57000732421875,32243000
2021-11-12,383.476806640625,394.70001220703125,395.25,390.1300048828125,391.7699890136719,34730600
2021-11-15,383.389404296875,394.6099853515625,396.239990234375,392.1000061035156,395.9100036621094,33716900
2021-11-16,386.1194763183594,397.4200134277344,397.92999267578125,393.6600036621094,393.8599853515625,27872900
2021-11-17,386.323486328125,397.6300048828125,399.7200012207031,396.6400146484375,397.75,28703300
2021-11-18,390.3263854980469,401.75,402.2699890136719,397.45001220703125,399.7300109863281,45721500
2021-11-19,392.5025939941406,403.989990234375,405.29998779296875,402.5799865722656,403.42999267578125,45191700
2021-11-22,387.9460144042969,399.29998779296875,408.7099914550781,399.19000244140625,405.57000732421875,61715400
2021-11-23,386.1777648925781,397.4800109863281,400.2300109863281,392.9200134277344,398.1099853515625,70098700
2021-11-24,387.42138671875,398.760009765625,399.04998779296875,392.5400085449219,394.92999267578125,46954400
2021-11-26,380.076416015625,391.20001220703125,397.5400085449219,389.7699890136719,396.1099853515625,51533300
2021-11-29,388.324951171875,399.69000244140625,400.7300109863281,395.1400146484375,395.8900146484375,54447100
2021-11-30,382.6218566894531,393.82000732421875,401.19000244140625,391.75,398.7799987792969,81332700
2021-12-01,376.1123962402344,387.1199951171875,400.4800109863281,386.6400146484375,398.2799987792969,77766500
2021-12-02,378.82305908203125,389.9100036621094,391.739990234375,384.3399963378906,385.79998779296875,84416600
2021-12-03,372.23577880859375,383.1300048828125,392.3399963378906,378.8999938964844,391.30999755859375,105349100
2021-12-06,375.2184753417969,386.20001220703125,387.6000061035156,379.29998779296875,383.6300048828125,67588800
2021-12-07,386.51776123046875,397.8299865722656,398.4599914550781,392.989990234375,393.0299987792969,56005300
2021-12-08,388.2471618652344,399.6099853515625,399.82000732421875,396.2200012207031,398.1700134277344,39204000
2021-12-09,382.534423828125,393.7300109863281,400.20001220703125,393.5299987792969,398.3500061035156,49973700
2021-12-10,386.6926574707031,398.010009765625,398.2799987792969,393.3599853515625,396.6199951171875,52545800
2021-12-13,381.106201171875,392.260009765625,398.3299865722656,391.8800048828125,398.0,50166400
2021-12-14,377.1616516113281,388.20001220703125,390.0899963378906,383.6300048828125,387.29998779296875,75199200
2021-12-15,385.7599792480469,397.04998779296875,397.4200134277344,383.8800048828125,387.94000244140625,73858000
2021-12-16,375.8403015136719,386.8399963378906,398.4800109863281,385.2099914550781,398.0400085449219,82591400
2021-12-17,373.9652099609375,384.9100036621094,389.19000244140625,381.7699890136719,383.3299865722656,80492500
2021-12-20,370.337646484375,380.69000244140625,381.5,377.4700012207031,379.57000732421875,65336800
2021-12-21,378.62591552734375,389.2099914550781,389.5299987792969,380.20001220703125,384.04998779296875,48899500
2021-12-22,383.2370300292969,393.95001220703125,394.1600036621094,388.2300109863281,388.9100036621094,37042200
2021-12-23,386.12628173828125,396.9200134277344,398.42999267578125,394.1400146484375,394.30999755859375,29595500
2021-12-27,392.5079040527344,403.4800109863281,403.4800109863281,398.2200012207031,398.25,32820700
2021-12-28,390.6886291503906,401.6099853515625,404.5799865722656,400.7099914550781,404.3999938964844,33113700
2021-12-29,390.6303405761719,401.54998779296875,403.04998779296875,399.1099853515625,401.75,32248500
2021-12-30,389.4629821777344,400.3500061035156,403.57000732421875,399.75,401.3299865722656,23850100
2021-12-31,387.0310363769531,397.8500061035156,401.05999755859375,397.3399963378906,399.6600036621094,34752900
2022-01-03,390.75677490234375,401.67999267578125,401.94000244140625,396.8800048828125,399.04998779296875,40575900
2022-01-04,385.6884765625,396.4700012207031,402.2799987792969,393.2900085449219,402.239990234375,58027200
2022-01-05,373.8396301269531,384.2900085449219,395.8900146484375,384.0299987792969,394.739990234375,75739800
2022-01-06,373.57696533203125,384.0199890136719,387.3500061035156,380.1300048828125,382.4200134277344,70814300
2022-01-07,369.5301818847656,379.8599853515625,385.760009765625,378.0400085449219,384.0299987792969,72652300
2022-01-10,369.7733154296875,380.1099853515625,380.6400146484375,369.30999755859375,374.82000732421875,91770500
2022-01-11,375.3280944824219,385.82000732421875,385.989990234375,377.2200012207031,379.3599853515625,68295700
2022-01-12,376.81646728515625,387.3500061035156,390.20001220703125,385.010009765625,388.4599914550781,54576400
2022-01-13,367.38995361328125,377.6600036621094,389.4700012207031,376.70001220703125,388.7699890136719,77994000
2022-01-14,369.6760559082031,380.010009765625,380.3500061035156,374.8599853515625,375.07000732421875,80121200
2022-01-18,360.47332763671875,370.54998779296875,376.2200012207031,369.7699890136719,374.0400085449219,75450900
2022-01-19,356.51397705078125,366.4800109863281,374.69000244140625,366.2099914550781,372.1499938964844,81791500
2022-01-20,351.8834228515625,361.7200012207031,373.8699951171875,361.1700134277344,369.7900085449219,88610700
2022-01-21,342.1263122558594,351.69000244140625,362.17999267578125,351.3999938964844,359.4700012207031,143388900
2022-01-24,343.6924133300781,353.29998779296875,353.9800109863281,334.1499938964844,345.9100036621094,198685800
2022-01-25,335.7251281738281,345.1099853515625,351.0299987792969,341.67999267578125,346.6700134277344,124398400
2022-01-26,335.19976806640625,344.57000732421875,356.8800048828125,340.7799987792969,352.9100036621094,146559500
2022-01-27,331.82421875,341.1000061035156,351.2699890136719,340.04998779296875,349.3999938964844,95255700
2022-01-28,342.2332458496094,351.79998779296875,352.0199890136719,337.95001220703125,343.0299987792969,108167900
2022-01-31,353.17724609375,363.04998779296875,363.6499938964844,351.5199890136719,353.20001220703125,94326400
2022-02-01,355.5801086425781,365.5199890136719,366.19000244140625,359.1400146484375,364.42999267578125,74433000
2022-02-02,358.4693298339844,368.489990234375,370.1000061035156,364.2900085449219,369.760009765625,78777100
2022-02-03,343.93560791015625,353.54998779296875,361.92999267578125,352.4599914550781,358.5299987792969,95384800
2022-02-04,348.27435302734375,358.010009765625,361.3999938964844,351.9700012207031,354.0799865722656,86318300
2022-02-07,345.4726867675781,355.1300048828125,361.04998779296875,353.8399963378906,358.6199951171875,58198100
2022-02-08,349.3541564941406,359.1199951171875,360.239990234375,352.79998779296875,353.9599914550781,64720900
2022-02-09,356.7572326660156,366.7300109863281,366.80999755859375,362.1199951171875,363.760009765625,55766400
2022-02-10,348.682861328125,358.42999267578125,366.489990234375,356.5400085449219,359.5199890136719,112468500
2022-02-11,337.6221618652344,347.05999755859375,360.07000732421875,345.79998779296875,358.42999267578125,101569100
2022-02-14,338.0404052734375,347.489990234375,350.9800109863281,343.8900146484375,346.489990234375,80254400
2022-02-15,346.44549560546875,356.1300048828125,356.3699951171875,351.82000732421875,352.9100036621094,55128800
2022-02-16,346.3578796386719,356.0400085449219,357.0899963378906,350.7099914550781,353.82000732421875,58947100
2022-02-17,336.05596923828125,345.45001220703125,353.4599914550781,345.0199890136719,352.739990234375,61801400
2022-02-18,332.2230224609375,341.510009765625,346.80999755859375,339.1400146484375,346.4100036621094,80001500
2022-02-22,328.8863220214844,338.0799865722656,344.0400085449219,334.3500061035156,338.489990234375,85967100
2022-02-23,320.4618225097656,329.4200134277344,342.17999267578125,329.1000061035156,341.32000732421875,86215400
2022-02-24,331.23077392578125,340.489990234375,341.0400085449219,318.260009765625,318.8399963378906,130614100
2022-02-25,336.3671875,345.7699890136719,345.9800109863281,337.3900146484375,341.30999755859375,78842100
2022-02-28,337.3691711425781,346.79998779296875,348.5400085449219,341.32000732421875,342.510009765625,77515500
2022-03-01,332.20355224609375,341.489990234375,348.0799865722656,338.8999938964844,345.75,67407000
2022-03-02,337.7778015136719,347.2200012207031,348.5899963378906,340.239990234375,343.0799865722656,70609000
2022-03-03,332.9526672363281,342.260009765625,350.0400085449219,340.3500061035156,349.92999267578125,71089400
2022-03-04,328.12750244140625,337.29998779296875,341.30999755859375,334.9200134277344,339.8399963378906,76936300
2022-03-07,316.0257873535156,324.8599853515625,338.4800109863281,324.6499938964844,337.2900085449219,89933800
2022-03-08,314.556884765625,323.3500061035156,333.2099914550781,319.94000244140625,324.04998779296875,116153900
2022-03-09,325.8802795410156,334.989990234375,336.3800048828125,329.0899963378906,331.75,64723400
2022-03-10,322.2615661621094,331.2699890136719,332.510009765625,326.7099914550781,330.82000732421875,69362700
2022-03-11,315.5782775878906,324.3999938964844,334.6400146484375,323.8999938964844,334.32000732421875,66228400
2022-03-14,309.51776123046875,318.1700134277344,326.5899963378906,317.45001220703125,323.1300048828125,79802600
2022-03-15,319.226318359375,328.1499938964844,328.95001220703125,319.2300109863281,320.8800048828125,76471000
2022-03-16,331.0653991699219,340.32000732421875,340.44000244140625,328.3999938964844,332.1700134277344,105243000
2022-03-17,335.0733337402344,344.44000244140625,344.5,337.0400085449219,338.3699951171875,67810000
2022-03-18,341.9316101074219,351.489990234375,351.7900085449219,341.54998779296875,342.739990234375,85446300
2022-03-21,340.9809875488281,350.0799865722656,352.4800109863281,345.5799865722656,350.20001220703125,73799100
2022-03-22,347.68218994140625,356.9599914550781,357.8500061035156,350.20001220703125,350.5899963378906,63345900
2022-03-23,342.68548583984375,351.8299865722656,357.6600036621094,351.7699890136719,354.010009765625,70615500
2022-03-24,350.30224609375,359.6499938964844,359.70001220703125,351.5899963378906,353.79998779296875,53555300
2022-03-25,350.0101318359375,359.3500061035156,360.6700134277344,354.94000244140625,359.5899963378906,57584200
2022-03-28,355.4255065917969,364.9100036621094,365.010009765625,358.07000732421875,359.3399963378906,56833900
2022-03-29,361.5423889160156,371.19000244140625,371.8299865722656,366.05999755859375,368.8999938964844,68073000
2022-03-30,357.54888916015625,367.0899963378906,370.9800109863281,365.57000732421875,369.2799987792969,68757700
2022-03-31,353.1171875,362.5400085449219,367.6000061035156,361.67999267578125,367.239990234375,67011400
2022-04-01,352.4451599121094,361.8500061035156,363.6099853515625,358.5899963378906,362.80999755859375,54527800
2022-04-04,359.7015075683594,369.29998779296875,369.30999755859375,362.44000244140625,362.7099914550781,45950200
2022-04-05,351.7145690917969,361.1000061035156,368.5400085449219,359.92999267578125,367.80999755859375,62738700
2022-04-06,344.078369140625,353.260009765625,356.7799987792969,350.55999755859375,355.6499938964844,90077100
2022-04-07,344.8965148925781,354.1000061035156,356.3500061035156,348.69000244140625,352.239990234375,63777400
2022-04-08,340.0751647949219,349.1499938964844,353.0899963378906,348.5,352.32000732421875,61956100
2022-04-11,332.0298767089844,340.8900146484375,345.75,340.5400085449219,344.80999755859375,66107400
2022-04-12,330.6272888183594,339.45001220703125,347.69000244140625,338.0400085449219,345.760009765625,72790200
2022-04-13,337.3479919433594,346.3500061035156,347.42999267578125,339.05999755859375,339.79998779296875,61367800
2022-04-14,329.6337890625,338.42999267578125,346.9700012207031,338.2099914550781,346.44000244140625,73519400
2022-04-18,329.8870849609375,338.69000244140625,341.0400085449219,335.7900085449219,337.3500061035156,58560600
2022-04-19,337.2602233886719,346.260009765625,346.8500061035156,336.9800109863281,338.0299987792969,56515700
2022-04-20,332.3415832519531,341.2099914550781,347.55999755859375,339.9599914550781,347.0899963378906,65500000
2022-04-21,325.4650573730469,334.1499938964844,347.8699951171875,333.20001220703125,345.19000244140625,75801000
2022-04-22,316.9424743652344,325.3999938964844,335.55999755859375,324.9599914550781,334.30999755859375,82562100
2022-04-25,321.0138244628906,329.5799865722656,329.8999938964844,322.42999267578125,323.7300109863281,101755900
2022-04-26,308.897216796875,317.1400146484375,327.6600036621094,316.8599853515625,327.4700012207031,105819600
2022-04-27,308.5270690917969,316.760009765625,322.8800048828125,315.0,317.239990234375,111204200
2022-04-28,319.48468017578125,328.010009765625,329.8900146484375,317.5199890136719,321.8500061035156,99450000
2022-04-29,305.1082763671875,313.25,327.2300109863281,312.6000061035156,323.70001220703125,91977900
2022-05-02,310.2023010253906,318.4800109863281,318.7200012207031,309.6499938964844,312.8299865722656,115511800
2022-05-03,310.5335388183594,318.82000732421875,321.1700134277344,315.9800109863281,318.5,78185500
2022-05-04,321.0332946777344,329.6000061035156,330.2900085449219,313.8900146484375,319.30999755859375,116083400
2022-05-05,304.8647766113281,313.0,325.25,309.6199951171875,325.1700134277344,154607400
2022-05-06,301.21221923828125,309.25,315.0899963378906,305.1099853515625,310.95001220703125,139572800
2022-05-09,289.42669677734375,297.1499938964844,309.3500061035156,295.7200012207031,303.4800109863281,113387300
2022-05-10,292.9429016113281,300.760009765625,305.760009765625,296.57000732421875,304.510009765625,124124600
2022-05-11,284.2547912597656,291.8399963378906,304.0899963378906,290.95001220703125,298.44000244140625,140326100
2022-05-12,283.5826416015625,291.1499938964844,295.75,284.94000244140625,287.45001220703125,120910900
2022-05-13,294.0921936035156,301.94000244140625,303.0,294.0799865722656,295.7200012207031,83684900
2022-05-16,290.6831970214844,298.44000244140625,302.260009765625,297.1300048828125,300.1499938964844,59190400
2022-05-17,298.2123107910156,306.1700134277344,306.55999755859375,300.54998779296875,304.45001220703125,62715300
2022-05-18,283.572998046875,291.1400146484375,302.25,289.8500061035156,301.5400085449219,79477100
2022-05-19,282.053466796875,289.5799865722656,294.3900146484375,287.5799865722656,289.2900085449219,79920700
2022-05-20,281.1768798828125,288.67999267578125,293.79998779296875,280.2099914550781,293.1300048828125,91764200
2022-05-23,285.8521423339844,293.4800109863281,293.8699951171875,287.2900085449219,289.75,63648400
2022-05-24,279.7742919921875,287.239990234375,288.8599853515625,282.25,288.1300048828125,73491100
2022-05-25,283.6897888183594,291.260009765625,293.3900146484375,285.5,285.7099914550781,67144500
2022-05-26,291.5500793457031,299.3299865722656,300.9200134277344,290.1499938964844,290.44000244140625,59462200
2022-05-27,301.0660705566406,309.1000061035156,309.25,302.4200134277344,302.5400085449219,66985600
2022-05-31,300.2674560546875,308.2799987792969,311.3299865722656,304.3299865722656,309.07000732421875,60968300
2022-06-01,298.04669189453125,306.0,312.6499938964844,303.7300109863281,310.4700012207031,65341700
2022-06-02,306.2088928222656,314.3800048828125,314.55999755859375,303.3999938964844,304.8500061035156,59291300
2022-06-03,298.24151611328125,306.20001220703125,310.4700012207031,304.9200134277344,309.0299987792969,60914700
2022-06-06,299.2350158691406,307.2200012207031,312.3500061035156,305.6199951171875,310.75,51785000
2022-06-07,301.816162109375,309.8699951171875,310.6700134277344,302.69000244140625,303.80999755859375,44900300
2022-06-08,299.6441650390625,307.6400146484375,311.7200012207031,306.7699890136719,309.04998779296875,38342100
2022-06-09,291.61822509765625,299.3999938964844,309.04998779296875,299.2300109863281,305.9100036621094,55900500
2022-06-10,281.332763671875,288.8399963378906,294.8699951171875,288.3800048828125,293.6499938964844,85963500
2022-06-13,268.25177001953125,275.4100036621094,282.3399963378906,274.5299987792969,279.75,94442000
2022-06-14,268.7388000488281,275.9100036621094,278.6600036621094,273.3399963378906,277.6600036621094,64697500
2022-06-15,275.4496765136719,282.79998779296875,286.8299865722656,276.6099853515625,279.4200134277344,86051400
2022-06-16,264.3363037109375,271.3900146484375,276.05999755859375,269.2799987792969,275.5899963378906,81910300
2022-06-17,267.55047607421875,274.69000244140625,277.19000244140625,270.510009765625,272.17999267578125,82703400
2022-06-21,274.3006896972656,281.0799865722656,283.45001220703125,278.6400146484375,278.75,51633700
2022-06-22,273.90057373046875,280.6700134277344,285.17999267578125,277.9100036621094,278.5199890136719,67472900
2022-06-23,277.979736328125,284.8500061035156,285.7200012207031,280.30999755859375,283.2099914550781,57457800
2022-06-24,287.5043640136719,294.6099853515625,295.0400085449219,287.5,287.739990234375,58422300
2022-06-27,285.396484375,292.45001220703125,296.5799865722656,291.2900085449219,296.0,54151500
2022-06-28,276.7013854980469,283.5400085449219,295.6499938964844,283.3500061035156,293.0,61609800
2022-06-29,276.9551086425781,283.79998779296875,285.3399963378906,280.8399963378906,283.3999938964844,57302700
2022-06-30,273.5199279785156,280.2799987792969,283.94000244140625,275.7799987792969,280.75,79313600
2022-07-01,275.3253479003906,282.1300048828125,282.5299987792969,277.0299987792969,278.95001220703125,56675100
2022-07-05,280.038818359375,286.9599914550781,287.0799865722656,276.75,278.30999755859375,61829300
2022-07-06,281.8345031738281,288.79998779296875,290.95001220703125,285.5899963378906,287.3500061035156,63194700
2022-07-07,287.86541748046875,294.9800109863281,295.70001220703125,289.6300048828125,289.6300048828125,56620100
2022-07-08,288.22650146484375,295.3500061035156,296.75,291.1199951171875,292.0799865722656,59895500
2022-07-11,282.0687255859375,289.0400085449219,293.1099853515625,288.1400146484375,292.8800048828125,55273900
2022-07-12,279.33624267578125,286.239990234375,292.2799987792969,284.6099853515625,290.32000732421875,55797100
2022-07-13,278.7604064941406,285.6499938964844,288.04998779296875,280.0199890136719,280.6000061035156,73939400
2022-07-14,279.755859375,286.6700134277344,287.55999755859375,279.79998779296875,282.989990234375,63741800
2022-07-15,284.8304443359375,291.8699951171875,291.9800109863281,288.0799865722656,289.7300109863281,63818100
2022-07-18,282.41998291015625,289.3999938964844,296.1600036621094,288.20001220703125,294.7200012207031,59519600
2022-07-19,291.10540771484375,298.29998779296875,298.6000061035156,291.4700012207031,293.1099853515625,55172600
2022-07-20,295.7212829589844,303.0299987792969,304.239990234375,297.92999267578125,298.7300109863281,67769400
2022-07-21,299.96630859375,307.3800048828125,307.44000244140625,300.7799987792969,303.5,55049400
2022-07-22,294.70635986328125,301.989990234375,308.54998779296875,300.1199951171875,306.42999267578125,57127700
2022-07-25,293.02783203125,300.2699890136719,302.5,298.2200012207031,302.0199890136719,40582400
2022-07-26,287.2701416015625,294.3699951171875,298.7900085449219,293.5400085449219,298.5299987792969,50074100
2022-07-27,299.41009521484375,306.80999755859375,308.5400085449219,298.4599914550781,299.0400085449219,69304400
2022-07-28,302.3377380371094,309.80999755859375,310.3999938964844,302.75,306.5899963378906,55139900
2022-07-29,307.8514404296875,315.4599914550781,316.3900146484375,309.92999267578125,311.3900146484375,57501000
2022-08-01,307.66607666015625,315.2699890136719,318.80999755859375,312.5299987792969,313.6499938964844,46358800
2022-08-02,306.74871826171875,314.3299865722656,318.54998779296875,311.8399963378906,312.9200134277344,48676500
2022-08-03,315.1021728515625,322.8900146484375,323.7300109863281,315.989990234375,316.04998779296875,53735700
2022-08-04,316.5758056640625,324.3999938964844,324.7200012207031,320.7699890136719,322.9700012207031,38973700
2022-08-05,313.98974609375,321.75,323.8299865722656,318.3900146484375,319.19000244140625,53894000
2022-08-08,312.9748229980469,320.7099914550781,326.4700012207031,319.2099914550781,322.69000244140625,43878500
2022-08-09,309.4322814941406,317.0799865722656,319.0299987792969,315.4200134277344,318.7699890136719,39764200
2022-08-10,318.0689697265625,325.92999267578125,326.2300109863281,322.05999755859375,324.5899963378906,51459600
2022-08-11,316.2635803222656,324.0799865722656,330.3599853515625,323.3599853515625,328.30999755859375,45897700
2022-08-12,322.42138671875,330.3900146484375,330.5899963378906,325.1000061035156,326.17999267578125,40928400
2022-08-15,325.0270080566406,333.05999755859375,333.57000732421875,329.3999938964844,329.4200134277344,38266600
2022-08-16,324.2658386230469,332.2799987792969,334.4200134277344,329.1600036621094,332.05999755859375,41186900
2022-08-17,320.56719970703125,328.489990234375,331.42999267578125,326.3599853515625,329.07000732421875,47842200
2022-08-18,321.338134765625,329.2799987792969,330.489990234375,326.7900085449219,328.44000244140625,41937200
2022-08-19,315.072998046875,322.8599853515625,326.8399963378906,322.0799865722656,326.1700134277344,51770600
2022-08-22,306.7780456542969,314.3599853515625,318.739990234375,313.5299987792969,318.5,51098900
2022-08-23,306.5242614746094,314.1000061035156,317.0,313.3299865722656,314.1199951171875,39497100
2022-08-24,307.4122619628906,315.010009765625,316.8699951171875,312.989990234375,313.6099853515625,38057100
2022-08-25,312.8479919433594,320.5799865722656,320.6000061035156,315.760009765625,316.8299865722656,38098300
2022-08-26,300.02490234375,307.44000244140625,321.510009765625,307.3500061035156,320.2799987792969,69047700
2022-08-29,297.06805419921875,304.4100036621094,307.2200012207031,303.2799987792969,304.6199951171875,48321900
2022-08-30,293.759765625,301.0199890136719,306.7300109863281,298.44000244140625,306.1000061035156,51184500
2022-08-31,292.05194091796875,299.2699890136719,304.9100036621094,299.1600036621094,303.989990234375,50044000
2022-09-01,292.1788024902344,299.3999938964844,299.7799987792969,292.95001220703125,296.7200012207031,57990700
2022-09-02,288.0509033203125,295.1700134277344,303.75,293.5199890136719,302.3399963378906,64666800
2022-09-06,285.9819641113281,293.04998779296875,296.6000061035156,290.8699951171875,295.6600036621094,57005400
2022-09-07,291.7591857910156,298.9700012207031,299.989990234375,293.2699890136719,293.5400085449219,49260400
2022-09-08,293.2718200683594,300.5199890136719,301.8699951171875,295.45001220703125,296.8500061035156,55649800
2022-09-09,299.683349609375,307.0899963378906,307.6000061035156,300.5199890136719,302.8299865722656,56125200
2022-09-12,303.2453308105469,310.739990234375,311.0799865722656,308.17999267578125,308.5,45905700
2022-09-13,286.6163635253906,293.70001220703125,303.0199890136719,292.7900085449219,301.79998779296875,79562200
2022-09-14,288.8901062011719,296.0299987792969,296.92999267578125,293.05999755859375,294.8699951171875,54907200
2022-09-15,284.0790100097656,291.1000061035156,296.5299987792969,289.4599914550781,294.07000732421875,65299400
2022-09-16,282.3419494628906,289.32000732421875,289.7200012207031,285.6199951171875,287.7200012207031,79920400
2022-09-19,284.5406188964844,291.04998779296875,291.2099914550781,286.0400085449219,286.1000061035156,52613800
2022-09-20,282.2724914550781,288.7300109863281,291.07000732421875,286.3800048828125,288.489990234375,51271100
2022-09-21,277.2181396484375,283.55999755859375,293.95001220703125,283.4200134277344,289.5899963378906,82931000
2022-09-22,273.8061828613281,280.07000732421875,283.0299987792969,278.82000732421875,282.0,62757100
2022-09-23,269.34820556640625,275.510009765625,277.8500061035156,272.0199890136719,277.54998779296875,74815200
2022-09-26,268.2336730957031,274.3699951171875,279.489990234375,273.55999755859375,275.0299987792969,71176700
2022-09-27,268.34124755859375,274.4800109863281,280.2099914550781,272.1099853515625,277.80999755859375,69780100
2022-09-28,273.67913818359375,279.94000244140625,281.25,272.95001220703125,274.4599914550781,79652100
2022-09-29,265.7895812988281,271.8699951171875,276.25,268.8399963378906,275.8599853515625,81216000
2022-09-30,261.28277587890625,267.260009765625,275.19000244140625,267.1000061035156,271.0299987792969,78482400
2022-10-03,267.4125061035156,273.5299987792969,275.1600036621094,267.5299987792969,269.07000732421875,61267400
2022-10-04,275.8201599121094,282.1300048828125,282.8500061035156,278.989990234375,278.989990234375,66696900
2022-10-05,275.6734924316406,281.9800109863281,283.80999755859375,275.4200134277344,278.2799987792969,55766300
2022-10-06,273.5030822753906,279.760009765625,284.17999267578125,279.42999267578125,280.9599914550781,53489400
2022-10-07,263.0815124511719,269.1000061035156,275.1499938964844,267.739990234375,275.0199890136719,71354700
2022-10-10,260.4516906738281,266.4100036621094,269.70001220703125,263.6400146484375,269.29998779296875,60393000
2022-10-11,256.8735656738281,262.75,267.6300048828125,261.0299987792969,264.70001220703125,66522500
2022-10-12,256.7855529785156,262.6600036621094,265.3599853515625,261.95001220703125,263.3999938964844,50580200
2022-10-13,262.80780029296875,268.82000732421875,270.1700134277344,254.25999450683594,255.16000366210938,112894100
2022-10-14,254.90853881835938,260.739990234375,271.80999755859375,260.1400146484375,271.20001220703125,77244300
2022-10-17,263.325927734375,269.3500061035156,270.239990234375,266.739990234375,266.8399963378906,64576500
2022-10-18,265.4082946777344,271.4800109863281,277.2099914550781,268.739990234375,276.5299987792969,69781000
2022-10-19,264.4403991699219,270.489990234375,273.67999267578125,268.07000732421875,269.92999267578125,53115400
2022-10-20,263.0912780761719,269.1099853515625,274.8399963378906,267.9200134277344,269.5799865722656,60605500
2022-10-21,269.2602844238281,275.4200134277344,275.9700012207031,266.82000732421875,267.9800109863281,77897700
2022-10-24,272.222412109375,278.45001220703125,279.3999938964844,271.9700012207031,275.69000244140625,63963600
2022-10-25,277.8536071777344,284.2099914550781,284.6000061035156,277.8999938964844,279.4100036621094,59014500
2022-10-26,271.71405029296875,277.92999267578125,283.9800109863281,277.42999267578125,278.4599914550781,63492400
2022-10-27,266.7672424316406,272.8699951171875,278.2799987792969,272.3399963378906,276.7900085449219,57760300
2022-10-28,274.9305419921875,281.2200012207031,281.70001220703125,272.05999755859375,272.2300109863281,62651300
2022-10-31,271.7336120605469,277.95001220703125,279.760009765625,275.989990234375,278.9200134277344,47742000
2022-11-01,268.9571228027344,275.1099853515625,282.07000732421875,274.739990234375,281.5,45895900
2022-11-02,259.73797607421875,265.67999267578125,278.2099914550781,265.6099853515625,275.0799865722656,79803100
2022-11-03,254.66409301757812,260.489990234375,264.5,260.1000061035156,263.010009765625,70038900
2022-11-04,258.7603759765625,264.67999267578125,266.6099853515625,259.0799865722656,265.5299987792969,78313200
2022-11-07,261.6053771972656,267.5899963378906,268.1400146484375,263.57000732421875,265.75,47333800
2022-11-08,263.5116882324219,269.5400085449219,272.8500061035156,265.5199890136719,269.1400146484375,63213800
2022-11-09,257.43084716796875,263.32000732421875,268.55999755859375,263.0299987792969,267.760009765625,64862100
2022-11-10,276.4263000488281,282.75,283.04998779296875,273.8500061035156,276.010009765625,99256700
2022-11-11,281.51971435546875,287.9599914550781,288.6400146484375,281.19000244140625,282.55999755859375,66961800
2022-11-14,279.05609130859375,285.44000244140625,289.2099914550781,284.44000244140625,285.8599853515625,55290700
2022-11-15,282.91778564453125,289.3900146484375,293.260009765625,285.9700012207031,292.2099914550781,73985400
2022-11-16,279.05609130859375,285.44000244140625,289.4800109863281,284.6000061035156,287.3900146484375,48859800
2022-11-17,278.440185546875,284.80999755859375,286.32000732421875,280.7200012207031,280.8800048828125,55462100
2022-11-18,278.45001220703125,284.82000732421875,287.989990234375,282.32000732421875,287.8900146484375,53588600
2022-11-21,275.5855407714844,281.8900146484375,284.5799865722656,281.0400085449219,283.3999938964844,40083500
2022-11-22,279.5546875,285.95001220703125,286.1099853515625,280.4599914550781,282.6400146484375,41873400
2022-11-23,282.3605041503906,288.82000732421875,289.4599914550781,285.7900085449219,285.9700012207031,46390000
2022-11-25,280.5030517578125,286.9200134277344,287.9100036621094,286.4200134277344,287.19000244140625,15498800
2022-11-28,276.3871154785156,282.7099914550781,286.9599914550781,281.760009765625,284.8999938964844,38714200
2022-11-29,274.29498291015625,280.57000732421875,283.3500061035156,279.1700134277344,282.94000244140625,35618900
2022-11-30,286.7989196777344,293.3599853515625,293.4700012207031,279.9700012207031,280.8399963378906,74718100
2022-12-01,287.1509094238281,293.7200012207031,295.75,290.8800048828125,293.69000244140625,51547300
2022-12-02,286.0070495605469,292.54998779296875,293.45001220703125,288.3599853515625,288.5400085449219,53583200
2022-12-05,281.2069091796875,287.6400146484375,291.67999267578125,286.1499938964844,290.3800048828125,41482100
2022-12-06,275.380126953125,281.67999267578125,287.6199951171875,280.260009765625,287.4800109863281,53937600
2022-12-07,274.25592041015625,280.5299987792969,282.57000732421875,278.7799987792969,280.4700012207031,45614300
2022-12-08,277.50164794921875,283.8500061035156,284.8399963378906,279.7900085449219,281.9100036621094,42594900
2022-12-09,275.73211669921875,282.0400085449219,285.6400146484375,281.5899963378906,282.80999755859375,47860500
2022-12-12,279.19293212890625,285.5799865722656,285.6400146484375,281.1600036621094,282.2200012207031,35732500
2022-12-13,282.1943054199219,288.6499938964844,296.8800048828125,285.9100036621094,296.6499938964844,80667700
2022-12-14,280.1021728515625,286.510009765625,291.4100036621094,283.19000244140625,288.04998779296875,64984400
2022-12-15,270.6973571777344,276.8900146484375,283.010009765625,275.6700134277344,282.3299865722656,60554100
2022-12-16,268.11639404296875,274.25,277.7699890136719,272.6099853515625,276.20001220703125,68300400
2022-12-19,264.3483581542969,269.75,273.9599914550781,268.489990234375,273.8699951171875,44167900
2022-12-20,264.142578125,269.5400085449219,271.32000732421875,266.95001220703125,268.55999755859375,51064200
2022-12-21,267.9742431640625,273.45001220703125,274.7799987792969,269.739990234375,270.6000061035156,46394700
2022-12-22,261.4182434082031,266.760009765625,270.510009765625,262.4599914550781,270.3800048828125,60278400
2022-12-23,262.0061950683594,267.3599853515625,268.0400085449219,263.5299987792969,265.4700012207031,39373600
2022-12-27,258.3019104003906,263.5799865722656,266.8500061035156,263.0299987792969,266.739990234375,38009000
2022-12-28,254.89158630371094,260.1000061035156,265.4700012207031,259.7300109863281,263.1700134277344,47139000
2022-12-29,261.1046447753906,266.44000244140625,267.3999938964844,262.25,262.9599914550781,45893600
2022-12-30,260.9478454589844,266.2799987792969,266.4100036621094,262.2900085449219,263.6199951171875,37858300
2023-01-03,259.1839294433594,264.4800109863281,270.1499938964844,262.1300048828125,268.6499938964844,42335300
2023-01-04,260.418701171875,265.739990234375,267.45001220703125,262.5299987792969,266.6400146484375,47754900
2023-01-05,256.3419494628906,261.5799865722656,264.2099914550781,261.260009765625,264.0400085449219,45396700
2023-01-06,263.4173583984375,268.79998779296875,269.94000244140625,260.3399963378906,263.3500061035156,54659700
2023-01-09,265.12255859375,270.5400085449219,275.2900085449219,269.9200134277344,270.8299865722656,45568700
2023-01-10,267.36669921875,272.8299865722656,272.94000244140625,268.9700012207031,269.489990234375,35247800
2023-01-11,271.9921569824219,277.54998779296875,277.6600036621094,273.1199951171875,273.9200134277344,44077000
2023-01-12,273.462158203125,279.04998779296875,280.1000061035156,273.739990234375,278.1199951171875,60600000
2023-01-13,275.3437805175781,280.9700012207031,281.2200012207031,276.1600036621094,276.5,44802900
2023-01-17,275.90228271484375,281.5400085449219,282.8500061035156,279.5799865722656,280.7699890136719,36269700
2023-01-18,272.3155822753906,277.8800048828125,284.69000244140625,277.6700134277344,283.1099853515625,47754500
2023-01-19,269.64019775390625,275.1499938964844,277.3800048828125,273.8900146484375,276.2200012207031,44150400
2023-01-20,277.01947021484375,282.67999267578125,283.0199890136719,275.7099914550781,276.7900085449219,60613600
2023-01-23,283.1737060546875,288.9599914550781,290.2099914550781,282.7300109863281,283.5400085449219,52799900
2023-01-24,282.59552001953125,288.3699951171875,289.54998779296875,286.7799987792969,287.30999755859375,44875100
2023-01-25,281.9683837890625,287.7300109863281,288.3599853515625,281.17999267578125,283.7699890136719,50872000
2023-01-26,287.4659729003906,293.3399963378906,293.5199890136719,288.5199890136719,291.2200012207031,51596300
2023-01-27,290.3276062011719,296.260009765625,298.260009765625,291.8800048828125,292.0,56441900
2023-01-30,284.4574279785156,290.2699890136719,294.3800048828125,289.8900146484375,292.92999267578125,49405800
2023-01-31,288.7203369140625,294.6199951171875,294.7200012207031,290.20001220703125,290.30999755859375,46705100
2023-02-01,294.8942565917969,300.9200134277344,303.42999267578125,292.29998779296875,294.4100036621094,67562200
2023-02-02,305.4779357910156,311.7200012207031,313.67999267578125,306.7300109863281,307.57000732421875,83070600
2023-02-03,300.0488586425781,306.17999267578125,312.3900146484375,304.5400085449219,304.94000244140625,76170800
2023-02-06,297.5107421875,303.5899963378906,305.9100036621094,302.2200012207031,303.510009765625,40802300
2023-02-07,303.67474365234375,309.8800048828125,311.0299987792969,302.32000732421875,303.4599914550781,67584000
2023-02-08,298.27508544921875,304.3699951171875,309.5,303.6700134277344,308.5400085449219,56720900
2023-02-09,295.6390075683594,301.67999267578125,308.989990234375,300.20001220703125,308.8399963378906,49137800
2023-02-10,293.6986389160156,299.70001220703125,301.57000732421875,297.25,299.4800109863281,50050100
2023-02-13,298.40252685546875,304.5,305.1000061035156,299.92999267578125,301.1300048828125,39636700
2023-02-14,300.6074523925781,306.75,307.7200012207031,300.9100036621094,302.8900146484375,64079100
2023-02-15,302.910400390625,309.1000061035156,309.2699890136719,304.20001220703125,304.8999938964844,43100600
2023-02-16,297.2265625,303.29998779296875,308.42999267578125,303.1499938964844,304.3800048828125,59498600
2023-02-17,295.1293640136719,301.1600036621094,301.92999267578125,298.1000061035156,301.07000732421875,58230700
2023-02-21,288.1421813964844,294.0299987792969,298.7300109863281,293.8900146484375,297.260009765625,46526700
2023-02-22,288.3577575683594,294.25,296.3599853515625,292.55999755859375,294.6199951171875,51389200
2023-02-23,290.87628173828125,296.82000732421875,298.1300048828125,292.54998779296875,297.9700012207031,69294400
2023-02-24,286.00579833984375,291.8500061035156,292.9700012207031,290.04998779296875,291.760009765625,74332000
2023-02-27,288.0539245605469,293.94000244140625,296.489990234375,293.3399963378906,295.07000732421875,48995000
2023-02-28,287.68157958984375,293.55999755859375,296.1199951171875,292.9599914550781,293.29998779296875,48243100
2023-03-01,285.3688659667969,291.20001220703125,293.92999267578125,290.20001220703125,293.260009765625,58287000
2023-03-02,287.73052978515625,293.6099853515625,294.42999267578125,288.3699951171875,288.6600036621094,53565900
2023-03-03,293.6789855957031,299.67999267578125,299.9200134277344,294.8699951171875,295.3900146484375,60511500
2023-03-06,294.0122375488281,300.0199890136719,304.0,299.82000732421875,300.94000244140625,56736300
2023-03-07,290.4059143066406,296.3399963378906,301.010009765625,295.7200012207031,300.07000732421875,65955800
2023-03-08,291.85638427734375,297.82000732421875,298.42999267578125,294.8800048828125,296.7699890136719,50876300
2023-03-09,286.799560546875,292.6600036621094,300.9800109863281,291.8299865722656,298.3299865722656,71456700
2023-03-10,282.7718811035156,288.54998779296875,294.3500061035156,287.3800048828125,292.8299865722656,98593600
2023-03-13,284.8690185546875,290.69000244140625,294.4700012207031,285.19000244140625,286.7300109863281,97123600
2023-03-14,291.4153137207031,297.3699951171875,297.92999267578125,293.45001220703125,294.30999755859375,73602500
2023-03-15,292.94403076171875,298.92999267578125,299.2699890136719,293.239990234375,294.7099914550781,83631500
2023-03-16,300.666259765625,306.80999755859375,307.17999267578125,297.19000244140625,298.0,98198100
2023-03-17,299.2452697753906,305.3599853515625,309.1499938964844,303.3699951171875,306.7200012207031,89923700
2023-03-20,300.30731201171875,305.9700012207031,306.29998779296875,302.010009765625,304.260009765625,56359500
2023-03-21,304.5963439941406,310.3399963378906,310.79998779296875,306.3999938964844,307.94000244140625,49757000
2023-03-22,300.45452880859375,306.1199951171875,315.25,305.95001220703125,310.2699890136719,75791900
2023-03-23,304.01739501953125,309.75,314.1499938964844,307.010009765625,309.9200134277344,74576000
2023-03-24,305.13623046875,310.8900146484375,310.989990234375,306.95001220703125,309.32000732421875,57195200
2023-03-27,303.0456848144531,308.760009765625,312.70001220703125,307.8900146484375,311.6000061035156,50287400
2023-03-28,301.4360046386719,307.1199951171875,308.20001220703125,304.7699890136719,308.1700134277344,48585900
2023-03-29,306.9323425292969,312.7200012207031,313.3500061035156,310.04998779296875,310.8800048828125,53274300
2023-03-30,309.83758544921875,315.67999267578125,316.32000732421875,312.80999755859375,315.239990234375,58354800
2023-03-31,314.9904479980469,320.92999267578125,321.1700134277344,315.6000061035156,315.9100036621094,62138100
2023-04-03,314.2248840332031,320.1499938964844,320.4200134277344,317.4200134277344,318.7699890136719,47126800
2023-04-04,313.1648254394531,319.07000732421875,321.6300048828125,317.8299865722656,320.6000061035156,45875400
2023-04-05,310.0731201171875,315.9200134277344,319.05999755859375,314.07000732421875,318.1000061035156,62795700
2023-04-06,312.1636657714844,318.04998779296875,318.54998779296875,312.82000732421875,314.239990234375,46916500
2023-04-10,311.98699951171875,317.8699951171875,317.9200134277344,313.25,315.07000732421875,45134700
2023-04-11,309.9847717285156,315.8299865722656,317.8900146484375,315.30999755859375,317.8299865722656,40113600
2023-04-12,307.2464294433594,313.0400085449219,318.4200134277344,312.57000732421875,317.82000732421875,62813300
2023-04-13,313.26300048828125,319.1700134277344,319.6499938964844,313.6300048828125,314.8299865722656,54613800
2023-04-14,312.6741027832031,318.57000732421875,320.3599853515625,315.6099853515625,317.5899963378906,56278300
2023-04-17,312.9390869140625,318.8399963378906,319.20001220703125,316.0400085449219,318.1499938964844,43007000
2023-04-18,312.958740234375,318.8599853515625,321.4200134277344,317.6400146484375,320.989990234375,46746900
2023-04-19,312.8114929199219,318.7099914550781,319.7900085449219,316.2799987792969,316.4100036621094,38960100
2023-04-20,310.4264221191406,316.2799987792969,319.2699890136719,314.9700012207031,315.69000244140625,62462100
2023-04-21,310.7503356933594,316.6099853515625,317.3999938964844,314.1000061035156,315.9100036621094,59002300
2023-04-24,310.10260009765625,315.95001220703125,317.739990234375,313.739990234375,316.3800048828125,44043100
2023-04-25,304.2527770996094,309.989990234375,314.9700012207031,309.8900146484375,314.2900085449219,57121600
2023-04-26,306.0980529785156,311.8699951171875,314.94000244140625,311.3399963378906,313.44000244140625,55400500
2023-04-27,314.42120361328125,320.3500061035156,320.8599853515625,315.04998779296875,315.70001220703125,65430400
2023-04-28,316.5902404785156,322.55999755859375,322.6499938964844,318.9599914550781,320.1099853515625,59712600
2023-05-01,316.2271423339844,322.19000244140625,323.6300048828125,321.0899963378906,322.0899963378906,41013400
2023-05-02,313.4691162109375,319.3800048828125,322.45001220703125,317.6099853515625,322.1199951171875,56519400
2023-05-03,311.417724609375,317.2900085449219,322.4700012207031,317.17999267578125,319.75,59882100
2023-05-04,310.3185119628906,316.1700134277344,318.2300109863281,315.1199951171875,317.05999755859375,50224500
2023-05-05,316.91412353515625,322.8900146484375,323.760009765625,316.2099914550781,318.4700012207031,51806100
2023-05-08,317.6993103027344,323.69000244140625,324.0400085449219,321.32000732421875,322.4200134277344,36465800
2023-05-09,315.6872863769531,321.6400146484375,322.8800048828125,321.32000732421875,322.0,31768800
2023-05-10,319.1224670410156,325.1400146484375,326.010009765625,321.6000061035156,324.1199951171875,60446600
2023-05-11,320.1629333496094,326.20001220703125,326.75,324.1199951171875,325.70001220703125,44278500
2023-05-12,319.0145568847656,325.0299987792969,327.1700134277344,322.94000244140625,326.739990234375,48432800
2023-05-15,320.74200439453125,326.7900085449219,327.0299987792969,323.9599914550781,325.510009765625,33375600
2023-05-16,321.1051330566406,327.1600036621094,328.8999938964844,326.0199890136719,326.05999755859375,40019200
2023-05-17,324.9918212890625,331.1199951171875,331.7099914550781,327.0400085449219,328.239990234375,47486100
2023-05-18,331.02801513671875,337.2699890136719,337.489990234375,331.5,331.5199890136719,64213500
2023-05-19,330.2821350097656,336.510009765625,338.2099914550781,335.42999267578125,337.489990234375,61554900
2023-05-22,331.39117431640625,337.6400146484375,338.6700134277344,336.239990234375,336.25,43015900
2023-05-23,327.1902770996094,333.3599853515625,337.05999755859375,333.0,335.8900146484375,48216700
2023-05-24,325.5119934082031,331.6499938964844,332.9100036621094,329.55999755859375,331.3699951171875,62891200
2023-05-25,333.4327392578125,339.7200012207031,341.010009765625,336.6700134277344,339.1400146484375,66862800
2023-05-26,341.9519958496094,348.3999938964844,349.25,340.6600036621094,340.760009765625,63007000
2023-05-30,343.5027770996094,349.9800109863281,353.92999267578125,348.5299987792969,352.7099914550781,72652200
2023-05-31,341.5495910644531,347.989990234375,350.6000061035156,346.510009765625,348.3699951171875,65105400
2023-06-01,345.4952087402344,352.010009765625,353.3599853515625,346.6600036621094,347.7300109863281,50488600
2023-06-02,348.0863342285156,354.6499938964844,355.8299865722656,352.010009765625,353.79998779296875,53372100
2023-06-05,348.3316955566406,354.8999938964844,357.5,353.8500061035156,354.42999267578125,47266200
2023-06-06,348.2728271484375,354.8399963378906,355.82000732421875,352.92999267578125,354.2799987792969,41390400
2023-06-07,342.3642883300781,348.82000732421875,357.1199951171875,348.17999267578125,355.1300048828125,69225900
2023-06-08,346.61407470703125,353.1499938964844,353.6199951171875,348.8900146484375,349.1199951171875,47153900
2023-06-09,347.9390563964844,354.5,357.6600036621094,353.0299987792969,354.6300048828125,53196900
2023-06-12,353.8182067871094,360.489990234375,360.5899963378906,355.20001220703125,356.19000244140625,44606500
2023-06-13,356.5369873046875,363.260009765625,364.1099853515625,360.0299987792969,363.2900085449219,57097800
2023-06-14,359.128173828125,365.8999938964844,366.19000244140625,360.4200134277344,363.2699890136719,69525600
2023-06-15,363.407470703125,370.260009765625,371.7699890136719,363.9800109863281,364.6099853515625,71138800
2023-06-16,361.1205139160156,367.92999267578125,372.8500061035156,367.4800109863281,372.7200012207031,80932000
2023-06-20,360.6036071777344,366.8999938964844,368.32000732421875,363.8900146484375,365.95001220703125,49204700
2023-06-21,355.6894226074219,361.8999938964844,366.17999267578125,360.9599914550781,365.739990234375,53378300
2023-06-22,359.8861083984375,366.1700134277344,366.3299865722656,360.2200012207031,360.6300048828125,47603000
2023-06-23,356.3183898925781,362.5400085449219,364.8800048828125,360.82000732421875,362.2099914550781,48922900
2023-06-26,351.5417785644531,357.67999267578125,364.8399963378906,357.5899963378906,362.0,52685500
2023-06-27,357.5862731933594,363.8299865722656,364.57000732421875,358.510009765625,359.25,49428100
2023-06-28,358.2840881347656,364.5400085449219,366.5199890136719,361.8999938964844,361.9800109863281,46498000
2023-06-29,357.56658935546875,363.80999755859375,364.8900146484375,362.1400146484375,364.239990234375,46151000
2023-06-30,363.0803527832031,369.4200134277344,370.489990234375,367.2300109863281,367.54998779296875,58712500
2023-07-03,363.93536376953125,370.2900085449219,370.92999267578125,368.9700012207031,370.07000732421875,19432900
2023-07-05,363.9256591796875,370.2799987792969,372.010009765625,368.6600036621094,368.70001220703125,34460900
2023-07-06,361.1539306640625,367.4599914550781,367.9100036621094,364.5199890136719,366.510009765625,49374700
2023-07-07,359.9548645019531,366.239990234375,370.4800109863281,366.010009765625,367.2300109863281,47133700
2023-07-10,360.0728454589844,366.3599853515625,367.04998779296875,363.4100036621094,365.9599914550781,48498800
2023-07-11,361.85186767578125,368.1700134277344,368.6300048828125,364.6199951171875,366.7900085449219,38214100
2023-07-12,366.4219665527344,372.82000732421875,374.19000244140625,370.29998779296875,372.3399963378906,61975400
2023-07-13,372.643310546875,379.1499938964844,379.989990234375,375.4599914550781,376.04998779296875,46960000
2023-07-14,372.56475830078125,379.07000732421875,382.8599853515625,378.17999267578125,379.5899963378906,55148500
2023-07-17,376.0439453125,382.6099853515625,383.5,379.30999755859375,379.79998779296875,40868900
2023-07-18,379.1202697753906,385.739990234375,387.1300048828125,380.0,381.9599914550781,55262000
2023-07-19,379.03179931640625,385.6499938964844,387.9800109863281,384.29998779296875,386.82000732421875,54093000
2023-07-20,370.29437255859375,376.760009765625,384.1000061035156,375.7200012207031,382.6099853515625,71941700
2023-07-21,369.18377685546875,375.6300048828125,379.9200134277344,375.19000244140625,379.17999267578125,60499600
2023-07-24,369.77349853515625,376.2300109863281,377.5799865722656,374.3399963378906,376.6199951171875,40380100
2023-07-25,372.2796630859375,378.7799987792969,380.4700012207031,376.92999267578125,376.95001220703125,38894400
2023-07-26,371.0413513183594,377.5199890136719,379.239990234375,375.17999267578125,377.7200012207031,47075700
2023-07-27,370.1567687988281,376.6199951171875,384.7099914550781,375.30999755859375,383.07000732421875,63940200
2023-07-28,376.8990478515625,383.4800109863281,384.5199890136719,380.2200012207031,380.739990234375,56902900
2023-07-31,377.0955810546875,383.67999267578125,384.8800048828125,382.3399963378906,383.7900085449219,44019900
2023-08-01,376.220947265625,382.7900085449219,383.55999755859375,380.69000244140625,382.30999755859375,41060600
2023-08-02,367.96502685546875,374.3900146484375,379.260009765625,373.1300048828125,379.260009765625,72687100
2023-08-03,367.3753356933594,373.7900085449219,375.95001220703125,371.7699890136719,371.94000244140625,47666400
2023-08-04,365.6554260253906,372.0400085449219,378.1000061035156,371.5299987792969,375.75,61702800
2023-08-07,368.75128173828125,375.19000244140625,375.2900085449219,371.510009765625,373.8800048828125,37230400
2023-08-08,365.61602783203125,372.0,372.6600036621094,368.82000732421875,372.6400146484375,44726500
2023-08-09,361.5962219238281,367.9100036621094,372.45001220703125,367.1400146484375,372.2900085449219,51150900
2023-08-10,362.2646179199219,368.5899963378906,374.3599853515625,367.0400085449219,370.9700012207031,72035300
2023-08-11,359.9548645019531,366.239990234375,368.0,364.69000244140625,365.989990234375,48707200
2023-08-14,363.994384765625,370.3500061035156,370.4700012207031,364.70001220703125,365.42999267578125,42130800
2023-08-15,360.1318359375,366.4200134277344,370.1700134277344,365.739990234375,369.3599853515625,45539900
2023-08-16,356.3183898925781,362.5400085449219,367.42999267578125,362.44000244140625,365.8699951171875,53190500
2023-08-17,352.42633056640625,358.5799865722656,364.30999755859375,358.1600036621094,363.9599914550781,62604300
2023-08-18,351.984130859375,358.1300048828125,359.4100036621094,354.7099914550781,355.260009765625,61191400
2023-08-21,357.655029296875,363.8999938964844,364.5899963378906,359.1499938964844,359.6199951171875,50696500
2023-08-22,357.1440124511719,363.3800048828125,366.55999755859375,362.67999267578125,366.54998779296875,44530200
2023-08-23,362.775634765625,369.1099853515625,370.2200012207031,364.3599853515625,364.5799865722656,51770600
2023-08-24,355.0211486816406,361.2200012207031,372.739990234375,361.010009765625,372.6400146484375,66842500
2023-08-25,357.7729797363281,364.0199890136719,365.739990234375,358.5799865722656,362.07000732421875,69960500
2023-08-28,360.4659423828125,366.760009765625,367.7099914550781,364.25,366.989990234375,40910000
2023-08-29,368.3385009765625,374.7699890136719,375.1300048828125,366.2300109863281,366.55999755859375,58492400
2023-08-30,370.3927001953125,376.8599853515625,377.45001220703125,373.8599853515625,374.8800048828125,41731500
2023-08-31,371.50323486328125,377.989990234375,379.7200012207031,376.8699951171875,376.94000244140625,35730700
2023-09-01,371.110107421875,377.5899963378906,380.8299865722656,376.0799865722656,380.3999938964844,39801200
2023-09-05,371.5820007324219,378.07000732421875,379.30999755859375,375.8299865722656,376.7699890136719,32344200
2023-09-06,368.3090515136719,374.739990234375,377.6300048828125,372.70001220703125,377.2799987792969,42998700
2023-09-07,365.67498779296875,372.05999755859375,372.8500061035156,369.1499938964844,370.2099914550781,52060700
2023-09-08,366.1861572265625,372.5799865722656,374.8500061035156,371.6000061035156,372.010009765625,35800100
2023-09-11,370.500732421875,376.9700012207031,377.489990234375,373.6600036621094,375.6600036621094,39936600
2023-09-12,366.3924865722656,372.7900085449219,376.95001220703125,372.5,375.2699890136719,41391000
2023-09-13,367.78814697265625,374.2099914550781,375.8399963378906,371.8800048828125,373.0299987792969,46300700
2023-09-14,370.795654296875,377.2699890136719,378.2699890136719,373.8900146484375,375.989990234375,48039400
2023-09-15,364.4465026855469,370.80999755859375,376.32000732421875,369.8599853515625,375.9100036621094,69811200
2023-09-18,364.82635498046875,370.6600036621094,371.7900085449219,369.0299987792969,369.32000732421875,36903500
2023-09-19,364.0488586425781,369.8699951171875,370.67999267578125,366.79998779296875,369.32000732421875,37621700
2023-09-20,358.8027648925781,364.5400085449219,371.30999755859375,364.4599914550781,370.95001220703125,45514200
2023-09-21,352.2278747558594,357.8599853515625,361.6000061035156,357.69000244140625,360.79998779296875,69734800
2023-09-22,352.277099609375,357.9100036621094,361.79998779296875,357.5899963378906,359.6300048828125,51589700
2023-09-25,353.9503173828125,359.6099853515625,359.70001220703125,355.92999267578125,356.92999267578125,39168000
2023-09-26,348.63531494140625,354.2099914550781,357.5400085449219,353.2099914550781,356.989990234375,53657700
2023-09-27,349.4522399902344,355.0400085449219,356.9800109863281,351.3599853515625,355.3800048828125,56066000
2023-09-28,352.3755187988281,358.010009765625,360.1700134277344,353.239990234375,354.1099853515625,56453300
2023-09-29,352.6313781738281,358.2699890136719,362.95001220703125,357.0199890136719,361.5400085449219,64829600
2023-10-02,355.5743408203125,361.260009765625,362.67999267578125,357.9200134277344,358.5400085449219,51625100
2023-10-03,349.3340759277344,354.9200134277344,361.010009765625,353.2799987792969,358.7799987792969,60478500
2023-10-04,354.0881042480469,359.75,360.6099853515625,355.29998779296875,355.7699890136719,54786700
2023-10-05,353.0447998046875,358.69000244140625,360.1499938964844,355.1400146484375,359.739990234375,45897400
2023-10-06,358.9602355957031,364.70001220703125,365.9100036621094,354.8500061035156,355.6499938964844,75049100
2023-10-09,360.7908935546875,366.55999755859375,367.1099853515625,360.7799987792969,362.29998779296875,45304800
2023-10-10,362.7889709472656,368.5899963378906,371.2799987792969,366.3900146484375,366.8999938964844,46968800
2023-10-11,365.3775939941406,371.2200012207031,371.4100036621094,368.19000244140625,369.94000244140625,38215100
2023-10-12,364.10791015625,369.92999267578125,373.739990234375,367.5,371.7300109863281,49587900
2023-10-13,359.5310974121094,365.2799987792969,371.1600036621094,363.8599853515625,370.57000732421875,52469900
2023-10-16,363.5960693359375,369.4100036621094,370.4800109863281,366.4700012207031,366.6199951171875,44201100
2023-10-17,362.4051208496094,368.20001220703125,369.9200134277344,363.6600036621094,365.80999755859375,50999100
2023-10-18,357.6510925292969,363.3699951171875,367.9100036621094,362.0199890136719,365.6700134277344,54280500
2023-10-19,354.3046569824219,359.9700012207031,366.0199890136719,359.1600036621094,364.80999755859375,72274200
2023-10-20,349.0191955566406,354.6000061035156,360.0400085449219,354.3699951171875,359.4599914550781,72559700
2023-10-23,350.0723571777344,355.6700134277344,359.260009765625,351.1199951171875,353.260009765625,60665200
2023-10-24,353.4778747558594,359.1300048828125,359.9100036621094,355.7900085449219,357.510009765625,47082100
2023-10-25,344.8262023925781,350.3399963378906,356.8800048828125,349.75,356.70001220703125,71190500
2023-10-26,338.2513122558594,343.6600036621094,350.07000732421875,342.3500061035156,349.1199951171875,78621400
2023-10-27,339.8753967285156,345.30999755859375,348.8399963378906,344.0799865722656,346.42999267578125,63476700
2023-10-30,343.70416259765625,349.20001220703125,350.5400085449219,346.45001220703125,347.8299865722656,55298500
2023-10-31,345.3479309082031,350.8699951171875,351.25,346.6199951171875,349.2300109863281,47671900
2023-11-01,351.3420104980469,356.9599914550781,357.5299987792969,351.6199951171875,351.7200012207031,58992700
2023-11-02,357.7200622558594,363.44000244140625,363.67999267578125,360.29998779296875,361.5400085449219,58162400
2023-11-03,361.9228515625,367.7099914550781,369.0199890136719,364.5199890136719,364.75,53280500
2023-11-06,363.3992004394531,369.2099914550781,369.7799987792969,366.9100036621094,368.489990234375,38848700
2023-11-07,366.8343200683594,372.70001220703125,373.5799865722656,369.04998779296875,370.2699890136719,50777400
2023-11-08,367.07049560546875,372.94000244140625,373.7900085449219,370.6199951171875,373.0799865722656,35663400
2023-11-09,364.2456970214844,370.07000732421875,374.79998779296875,369.57000732421875,373.6400146484375,53859400
2023-11-10,372.4347839355469,378.3900146484375,378.5400085449219,371.2799987792969,371.82000732421875,58309800
2023-11-13,371.2733154296875,377.2099914550781,378.2799987792969,375.239990234375,376.7900085449219,40733500
2023-11-14,379.2654724121094,385.3299865722656,386.260009765625,383.17999267578125,383.7099914550781,67792600
2023-11-15,379.5509033203125,385.6199951171875,387.75,384.239990234375,387.25,54141400
2023-11-16,379.87579345703125,385.95001220703125,386.19000244140625,383.55999755859375,384.8399963378906,45343500
2023-11-17,379.9643249511719,386.0400085449219,387.07000732421875,384.2900085449219,385.2099914550781,46571900
2023-11-20,384.59033203125,390.739990234375,391.4100036621094,386.04998779296875,386.04998779296875,44429600
2023-11-21,382.3561096191406,388.4700012207031,389.2300109863281,386.70001220703125,389.010009765625,43337000
2023-11-22,383.9210510253906,390.05999755859375,393.07000732421875,389.0400085449219,390.57000732421875,44121000
2023-11-24,383.3797302246094,389.510009765625,390.25,388.5,389.6499938964844,15718800
2023-11-27,383.04510498046875,389.1700134277344,391.1499938964844,388.2799987792969,389.010009765625,34139700
2023-11-28,384.0490417480469,390.19000244140625,390.7799987792969,388.04998779296875,388.4100036621094,35491100
2023-11-29,383.67498779296875,389.80999755859375,394.1400146484375,389.4599914550781,392.69000244140625,38811700
2023-11-30,382.7104187011719,388.8299865722656,390.54998779296875,385.82000732421875,390.0799865722656,52834400
2023-12-01,383.8030700683594,389.94000244140625,390.5400085449219,386.07000732421875,387.75,40490100
2023-12-04,380.2398986816406,386.32000732421875,386.6000061035156,382.6600036621094,386.0899963378906,51186900
2023-12-05,381.1947021484375,387.2900085449219,388.5,384.2099914550781,384.3900146484375,42933000
2023-12-06,378.9898986816406,385.04998779296875,390.3699951171875,384.70001220703125,390.2699890136719,41994100
2023-12-07,384.2852478027344,390.42999267578125,391.2699890136719,386.9599914550781,388.07000732421875,49593500
2023-12-08,385.9978332519531,392.1700134277344,392.6199951171875,388.4800109863281,388.6700134277344,46687500
2023-12-11,389.2951354980469,395.5199890136719,395.7900085449219,391.5299987792969,391.739990234375,41198000
2023-12-12,392.39556884765625,398.6700134277344,398.7900085449219,394.4100036621094,395.55999755859375,39221200
2023-12-13,397.3857421875,403.739990234375,404.3599853515625,398.8399963378906,399.6199951171875,55408100
2023-12-14,397.04132080078125,403.3900146484375,406.29998779296875,400.3399963378906,404.9800109863281,55447800
2023-12-15,398.9605407714844,405.3399963378906,406.5400085449219,403.57000732421875,404.17999267578125,62896600
2023-12-18,401.4734802246094,407.0799865722656,407.989990234375,404.6000061035156,404.92999267578125,46610000
2023-12-19,403.52490234375,409.1600036621094,409.2799987792969,407.3500061035156,407.5400085449219,35711900
2023-12-20,397.5285949707031,403.0799865722656,410.4700012207031,402.8999938964844,408.3500061035156,54042400
2023-12-21,402.154052734375,407.7699890136719,408.1400146484375,404.4700012207031,407.05999755859375,45568900
2023-12-22,402.75555419921875,408.3800048828125,409.9700012207031,406.4800109863281,409.0,34314000
2023-12-26,405.22113037109375,410.8800048828125,411.55999755859375,409.1499938964844,409.25,22722500
2023-12-27,406.0461120605469,411.5,411.7900085449219,410.0799865722656,410.95001220703125,31980500
2023-12-28,405.84869384765625,411.29998779296875,412.9200134277344,410.94000244140625,412.6700134277344,27029200
2023-12-29,404.0923156738281,409.5199890136719,411.6400146484375,407.5799865722656,411.2799987792969,42662100
